Directory,File,DesignPattern
111,AbstractFactory,AbstractFactory
111,DPAbstractFactory,Unknown
111,FactoryNotebookGamer,AbstractFactory
111,FactoryNotebookOfficeW,Unknown
111,FactoryProvider,AbstractFactory
111,Notebook,AbstractFactory
111,NotebookGamer,AbstractFactory
111,NotebookOfficeW,AbstractFactory
3taps-Java-Client,Annotation,
3taps-Java-Client,AnnotationOption,
3taps-Java-Client,BestMatchResponse,
3taps-Java-Client,Category,
3taps-Java-Client,CreateResponse,
3taps-Java-Client,DeleteResponse,
3taps-Java-Client,GeocoderRequest,
3taps-Java-Client,GeocoderResponse,
3taps-Java-Client,Posting,
3taps-Java-Client,PostingHistory,
3taps-Java-Client,SearchRequest,
3taps-Java-Client,SearchResponse,
3taps-Java-Client,Source,
3taps-Java-Client,SummaryRequest,
3taps-Java-Client,SummaryResponse,
3taps-Java-Client,UpdateResponse,
3taps-Java-Client,Utils,
AbstractFactory,Animal,AbstractFactory
AbstractFactory,Car,AbstractFactory
AbstractFactory,Computer,AbstractFactory
AbstractFactory,DataBase,AbstractFactory
AbstractFactory,Document,AbstractFactory
AbstractFactory,Furniture,AbstractFactory
AbstractFactory,GUI,AbstractFactory
AbstractFactory,Restaurant,AbstractFactory
activemq,JobSchedulerFacade,Facade
activemq,RemoteJMXBrokerFacade,Facade
activemq,SingletonBrokerFacade,Facade
adapt,AbstractAdapter,Adapter
adapt,ChemvantageAdapter,Adapter
adapt,IBasicLTIAdapter,Adapter
adapt,NoteflightAdapter,Adapter
adapt,PeoplesoftAdapter,Adapter
adapt,SakaiAdapter,Adapter
adapt,StandardAdapter,Adapter
adapt,WikispacesAdapter,Adapter
adapt,WimbaAdapter,Adapter
Adapter,a,Adapter
Adapter,b,Adapter
Adapter,Calculator,Adapter
Adapter,ILightningPhone,Adapter
agetac-ng,AddEntityMemento,Memento
alfresco,TransactionAwareSingleton,Singleton
Alitheia-Core,ProxyServlet,Proxy
AllBinary-Platform,AdminUserEmailEventHandlerSingletons,Singleton
AllBinary-Platform,AllMotionRectanglesResultsCacheSingleton,Singleton
AllBinary-Platform,BufferedImagePoolSingleton,Singleton
AllBinary-Platform,ConsolidatedMotionRectanglesResultsCacheSingleton,Singleton
AllBinary-Platform,ConstrainedMotionRectanglesResultsCacheSingleton,Singleton
AllBinary-Platform,CurrentlyPressedTouchButtonSingleton,Singleton
AllBinary-Platform,GameConfigurationPersistanceSingleton,Singleton
AllBinary-Platform,GameConfigurationSingleton,Singleton
AllBinary-Platform,GamePersistanceSingleton,Singleton
AllBinary-Platform,HighScoreNamePersistanceSingleton,Singleton
AllBinary-Platform,ImageComparisonResultCacheSingleton,Singleton
AllBinary-Platform,InputAutomationModuleConfigurationsSingletonFactory,Singleton
AllBinary-Platform,KeySingletonFactory,Singleton
AllBinary-Platform,LicenseInterfaceSingleton,Singleton
AllBinary-Platform,MakeCountedPartsSingletonArrayFactory,Singleton
AllBinary-Platform,NoGameNotificationHudSingleton,Singleton
AllBinary-Platform,NullHighScoresSingletonFactory,Singleton
AllBinary-Platform,PrimitiveLongSingleton,Singleton
AllBinary-Platform,ProcessPaintableSingletonFactory,Singleton
AllBinary-Platform,RemoteErrorHighScoresSingletonFactory,Singleton
AllBinary-Platform,SmallIntegerSingletonFactory,Singleton
AllBinary-Platform,StoreAdminUserEmailEventHandlerSingletons,Singleton
AllBinary-Platform,TestingInputSingleton,Singleton
AllBinary-Platform,UploadMediaSingleton,Singleton
AllBinary-Platform,UserEmailEventHandlerSingletons,Singleton
android,Adaptee,Adapter
android,AdapterClass,Adapter
android,AdapterObject,Adapter
android,Analytics,Adapter
android,Client,Adapter
android,ExternalMessageProtocol,Adapter
android,IMessageProtocol,Adapter
android,Main,Adapter
android,Mainn,Adapter
android,MessageProtocol,Adapter
android,MessageProtocolAdapter,Adapter
android,Messenger,Adapter
android-rackspacecloud,ApacheHCHttpCommandExecutorServiceModule,Singleton
android-rackspacecloud,ConnectionPoolCommandExecutorServiceModule,Singleton
android-rackspacecloud,NioTransformingHttpCommandExecutorServiceModule,Singleton
Android-RTMP,FFMPEGPrototype,Prototype
Android-Simple-Social-Sharing,FacebookEventObserver,Observer
Android-Simple-Social-Sharing,TwitterEventObserver,Observer
AndroidBillingLibrary,MockBillingObserver,Observer
ant,ResourceDecorator,Decorator
ant,TaskAdapter,Adapter
ant,TimeoutObserver,Observer
ant,TypeAdapter,Adapter
arquillian-extension-persistence,EventObserver,Observer
arquillian-extension-persistence,ObserverImpl,Unknown
ASEME,AIPFactory,AbstractFactory
ASEME,AIPFactoryImpl,AbstractFactory
ASEME,SRMFactory,AbstractFactory
ASEME,SRMFactoryImpl,AbstractFactory
ASEME,StatechartFactory,AbstractFactory
ASEME,StatechartFactoryImpl,AbstractFactory
ASEME,SUCFactory,AbstractFactory
ASEME,SUCFactoryImpl,AbstractFactory
AxonFramework,SpringPrototypeAggregateFactory,Prototype
basiclti-portlet,AbstractAdapter,Adapter
basiclti-portlet,BasicLTIAdapterFactory,FactoryMethod
basiclti-portlet,ChemvantageAdapter,Adapter
basiclti-portlet,IBasicLTIAdapter,Adapter
basiclti-portlet,NoteflightAdapter,Adapter
basiclti-portlet,PeoplesoftAdapter,Adapter
basiclti-portlet,SakaiAdapter,Adapter
basiclti-portlet,StandardAdapter,Adapter
basiclti-portlet,WikispacesAdapter,Adapter
basiclti-portlet,WimbaAdapter,Adapter
BeeQueue,ProxyFactory,Proxy
biojava-legacy,BioSQLRichObjectBuilder,Builder
biojava-legacy,ExceptionMemento,Memento
biojava-legacy,SearchBuilder,Builder
biojava-legacy,SequenceBuilder,Builder
biojava-legacy,SequenceBuilderFactory,FactoryMethod
biojava-legacy,SimpleAssemblyBuilder,Builder
biojava-legacy,URLFactory,FactoryMethod
bio_quiz,AbstractFacade,Facade
bio_quiz,FluxFacade,Unknown
bio_quiz,PlayerFacade,Facade
bio_quiz,QuizFacade,Facade
birt,Memento,Memento
birt,MementoBuilder,Memento
birt,MementoElement,Memento
BMach,IObserver,Observer
BMach,ISubject,Observer
brightroom,AppHistoryObserver,Observer
BuildCraft,amp,Proxy
BuildCraft,BuilderProxy,Proxy
BuildCraft,BuilderProxyClient,Proxy
BuildCraft,BuildersProxy,Proxy
BuildCraft,Copie,Proxy
BuildCraft,CoreP,Proxy
BuildCraft,CoreProxy,Proxy
BuildCraft,CoreProxyClient,Proxy
BuildCraft,EnergyProxy,Proxy
BuildCraft,EnergyProxyC,Proxy
BuildCraft,EnergyProxyClient,Proxy
BuildCraft,FactoryProxy,Proxy
BuildCraft,FactoryProxyClient,Proxy
BuildCraft,SiliconProxy,Proxy
BuildCraft,SiliconProxyClient,Proxy
BuildCraft,Transport,Proxy
BuildCraft,TransportProxy,Proxy
BuildCraft,TransportProxyClient,Unknown
BuildCraft,xttt,Proxy
Builder,BuilderPattern,Builder
Builder,User,Builder
carrot2,SimpleXmlMemento,Memento
Catroid,PrototypeBrickAdapter,Prototype
cayenne,DefaultWidgetFactory,AbstractFactory
cayenne,SingletonFaultFactory,Singleton
cayenne,TextPaneViewFactory,FactoryMethod
cayenne,WidgetFactory,AbstractFactory
ccw,BreakpointAdapterFactory,FactoryMethod
ccw,ClojureBuilder,Builder
ccw,ClojureLineBreakpointAdapter,Adapter
ccw,ClojureVisitor,Visitor
ccw,LeiningenBuilder,Builder
cdk,EmptyAnnotationValueVisitor,Visitor
cdk,LibraryCompilerWrapper,Unknown
cdk,RendererAdapter,Adapter
cdk,SimpleVisitor,Visitor
cdk,TagHandlerGeneratorVisitor,Visitor
cdk,TaglibGeneratorVisitor,Visitor
cdk,TemplateVisitor,Visitor
cdk,Visitor,Visitor
cdt,AbstractCExtensionProxy,Proxy
cdt,ASTCommenterVisitor,Visitor
cdt,ASTGenericVisitor,Visitor
cdt,AutoconfPrototype,Prototype
cdt,AutotoolsConfigurationBuilder,Builder
cdt,BasicSelectionTransferDragAdapter,Adapter
cdt,BinaryObjectAdapter,Adapter
cdt,BreakpointVMModelProxyStrategy,Proxy
cdt,BuildConsoleStreamDecorator,Decorator
cdt,CDataProxy,Proxy
cdt,CDataProxyContainer,Proxy
cdt,CDTViewerDragAdapter,Adapter
cdt,CDTViewerDropAdapter,Adapter
cdt,CEditorTextHoverProxy,Proxy
cdt,CElementDecorator,Decorator
cdt,CfgProxyCache,Proxy
cdt,CNavigatorProblemsLabelDecorator,Decorator
cdt,CodanBuilder,Builder
cdt,CodeReaderAdapter,Adapter
cdt,CPPASTAllVisitor,Visitor
cdt,CWorkbenchAdapter,Adapter
cdt,DeferredCWorkbenchAdapter,Adapter
cdt,DelegatingDragAdapter,Adapter
cdt,DelegatingDropAdapter,Adapter
cdt,ExcludedFileDecorator,Decorator
cdt,ExpressionVMProviderModelProxyStrategy,Proxy
cdt,ExternalEditorInputFactory,FactoryMethod
cdt,FunctionPrototypeSummary,Prototype
cdt,ICElementVisitor,Visitor
cdt,ICPPASTVisitor,Visitor
cdt,IListAdapter,Adapter
cdt,IModelVisitor,Visitor
cdt,IncludeFolderDecorator,Decorator
cdt,IncludeReferenceProxy,Proxy
cdt,IndexerInputAdapter,Adapter
cdt,IPathSettingsContainerVisitor,Visitor
cdt,LocationAdapter,Adapter
cdt,ModulesViewModelProxy,Proxy
cdt,MultiBuildConsoleAdapter,Adapter
cdt,PathEntryStoreProxy,Proxy
cdt,ProcessWrapper,Unknown
cdt,ReferenceVisitor,Visitor
cdt,SignalsViewModelProxy,Proxy
cdt,TextViewerDragAdapter,Adapter
cdt,UpdatePolicyDecorator,Decorator
cdt,WorkbenchRunnableAdapter,Adapter
cfeclipse,ConfigFileDecorator,Decorator
cfeclipse,ImageDecorator,Decorator
cfeclipse,URLDecorator,Decorator
cfeclipse,URLDecoratorDescriptor,Decorator
cfeclipse,URLDecoratorImageDescriptor,Decorator
cfeclipse,URLDecoratorManager,Decorator
ChenSun,AssertionFailedException,
ChenSun,BestResponseTimeBalanceStrategy,
ChenSun,Blob,
ChenSun,CachedResultSetMetaData,
ChenSun,Clob,
ChenSun,CommunicationsException,
ChenSun,CompressedInputStream,
ChenSun,ConnectionFeatureNotAvailableException,
ChenSun,ConnectionGroup,
ChenSun,ConnectionGroupManager,
ChenSun,ConnectionImpl,
ChenSun,ConnectionPropertiesTransform,
ChenSun,DocsConnectionPropsHelper,
ChenSun,ExportControlled,
ChenSun,ExtendedMysqlExceptionSorter,
ChenSun,FailoverConnectionProxy,Proxy
ChenSun,IterateBlock,
ChenSun,JDBC4MysqlPooledConnection,
ChenSun,JDBC4MysqlXAConnection,
ChenSun,JDBC4SuspendableXAConnection,
ChenSun,MysqlConnectionPoolDataSource,
ChenSun,MysqlDataSource,
ChenSun,MysqlValidConnectionChecker,
ChenSun,MysqlXADataSource,
ChenSun,ReflectiveStatementInterceptorAdapter,Adapter
ChenSun,SocialNetworkDBAThread,
ChenSun,SocialNetworkNavigation,
ChenSun,Statement,
ChenSun,V1toV2StatementInterceptorAdapter,Adapter
CIDE,ScreenSingleton,Singleton
coala,CDABuilder,Builder
coala,DocumentEntryBuilder,Builder
coala,PdqMessageBuilderImpl,Builder
coala,PdqRouteBuilder,Builder
code,BaseDataPrototype,Prototype
code,CarroPrototipo,Prototype
code,Circle,Prototype
code,Color,Prototype
code,Complex,Prototype
code,Figure,Prototype
code,GridPrototype,Prototype
code,Main,Prototype
code,Main2,Prototype
code,MMacroCreatorPrototype,Prototype
code,MParamPrototype,Prototype
code,MParamRefPrototype,Prototype
code,Point,Prototype
code,Porsche911,Unknown
code,Principal,Prototype
code,Proto,Prototype
code,Prototype,Prototype
code,Prototype1,Prototype
code,Prototype2,Prototype
code,Triangle,Prototype
cogroo4,CogrooSingleton,Singleton
com.happyprog.tdgotchi,RefactoringObserver,Observer
com.happyprog.tdgotchi,TamagotchiObserver,Observer
com.idega.core,Singleton,Singleton
computercraft-spout,Prototype,Prototype
Cours-3eme-ann-e,VolFacadeREST,Facade
Cream,LoggingObserver,Observer
cruisecontrol,Builder,Builder
cruisecontrol,CompositeBuilder,Builder
cruisecontrol,ExecBuilder,Builder
cruisecontrol,NantBuilder,Builder
cruisecontrol,RakeBuilder,Builder
cruisecontrol,ServerNameSingleton,Singleton
CS230-Software-Project,Observable,Observer
cucumber-jvm,SingletonFactory,Singleton
cw-omnibus,ContentsAdapter,Adapter
cxf,AbstractFaultChainInitiatorObserver,Observer
cxf,AddressingAssertionBuilder,Builder
cxf,ArrayVisitor,Visitor
cxf,ChainInitiationObserver,Observer
cxf,ClientMessageObserver,Observer
cxf,ClientOutFaultObserver,Observer
cxf,ColocMessageObserver,Observer
cxf,ConstrTypeSpecVisitor,Visitor
cxf,ConstVisitor,Visitor
cxf,DefinitionVisitor,Visitor
cxf,EndpointReferenceDomainExpressionBuilder,Builder
cxf,ExceptionVisitor,Visitor
cxf,FixedVisitor,Visitor
cxf,JaxbAssertionBuilder,Builder
cxf,JAXWSDefinitionBuilder,Builder
cxf,MessageReplayObserver,Observer
cxf,ModuleVisitor,Visitor
cxf,MTOMAssertionBuilder,Builder
cxf,MultipleEndpointObserver,Observer
cxf,ParamDclVisitor,Visitor
cxf,ParamTypeSpecVisitor,Visitor
cxf,PrimitiveTypesVisitor,Visitor
cxf,RM11AssertionBuilder,Builder
cxf,SequenceVisitor,Visitor
cxf,SimpleTypeSpecVisitor,Visitor
cxf,StaxBuilder,Builder
cxf,StringVisitor,Visitor
cxf,TemplateTypeSpecVisitor,Visitor
cxf,TypedefVisitor,Visitor
cxf,TypesVisitor,Visitor
cxf,VisitorBase,Visitor
cytoscape-plugins,ObjectFactorySingleton,Singleton
dawn-ui,XYRegionMemento,Memento
Decorator,aa,Decorator
Decorator,aze,Decorator
Decorator,BB,Decorator
Decorator,c,Decorator
Decorator,Coffe,Decorator
Decorator,Coffee,Decorator
Decorator,Comp,Decorator
Decorator,D,Decorator
Decorator,deco,Decorator
Decorator,Dyn,Decorator
Decorator,e,Decorator
dic,AuthorizableDecorator,Decorator
dic,Avatar,Decorator
dic,AvatarProfile,Decorator
dic,BiobankDecorator,Decorator
dic,Component,Decorator
dic,Component1,Decorator
dic,DataDecorator,Decorator
dic,DBIndexUpdateDecorator,Decorator
dic,Decorator,Decorator
dic,Decorator1,Decorator
dic,Decorator2,Decorator
dic,Defender,Decorator
dic,Druid,Decorator
dic,Fighter,Decorator
dic,FlowcellDecorator,Decorator
dic,IdentifiableDecorator,Decorator
dic,Knight,Decorator
dic,LibraryLaneDecorator,Decorator
dic,Magician,Decorator
dic,Main,Decorator
dic,Main2,Decorator
dic,MeasurementDecorator,Decorator
dic,MolgenisFileDecorator,Decorator
dic,MolgenisUserDecorator,Decorator
dic,NameableDecorator,Decorator
dic,TaskDecorator,Decorator
DimSim,DebugProxyHandler,Proxy
DimSim,EventsJsonProxy,Proxy
DimSim,ObjectProxy,Proxy
DimSim,PopoutPanelProxy,Proxy
DimSim,PopoutWindowProxy,Proxy
directory-server,AvlTreeSingleton,Singleton
DownloadProvider,DateSortedDownloadAdapter,Adapter
DownloadProvider,DateSortedExpandableListAdapter,Adapter
DownloadProvider,DownloadAdapter,Adapter
DownloadProvider,RealSystemFacade,Facade
DownloadProvider,SystemFacade,Facade
Downloadprovider-facade,SystemFacade,Unknown
dozer,BeanMappingBuilder,Builder
dozer,TypeMappingBuilder,Builder
Dual-Battery-Widget,BatteryLevelAdapter,Adapter
Dual-Battery-Widget,BillingObserver,Observer
Dual-Battery-Widget,IntentReceiver,Adapter
ecf,IDFactory,FactoryMethod
ecf,Proxy,Proxy
ecf,ServiceResourceFactory,FactoryMethod
ecf,SmartProxy,Proxy
eclipse,BreakpointMementoProvider,Memento
eclipse,ControlsMementoProvider,Memento
eclipse,DebugElementMementoProvider,Memento
eclipse,ElementMementoProvider,Memento
eclipse,ExpressionManagerMementoProvider,Memento
eclipse,ExpressionMementoProvider,Memento
eclipse,IElementMementoProvider,Memento
eclipse,IElementMementoRequest,Memento
eclipse,IMementoConstants,Unknown
eclipse,MementoUpdate,Memento
eclipse,MemoryViewElementMementoProvider,Memento
eclipse.jdt.core,MementoTokenizer,Memento
eclipse.jdt.ui,Mementos,Memento
eclipse.platform.debug,BreakpointMementoProvider,Memento
eclipse.platform.debug,ControlsMementoProvider,Memento
eclipse.platform.debug,DebugElementMementoProvider,Memento
eclipse.platform.debug,ElementMementoProvider,Memento
eclipse.platform.debug,ExpressionManagerMementoProvider,Memento
eclipse.platform.debug,ExpressionMementoProvider,Memento
eclipse.platform.debug,IElementMementoProvider,Memento
eclipse.platform.debug,IElementMementoRequest,Memento
eclipse.platform.debug,IMementoConstants,Unknown
eclipse.platform.debug,MementoUpdate,Memento
eclipse.platform.debug,MemoryViewElementMementoProvider,Memento
eclipse.platform.debug,RegisterGroupMementoProvider,Memento
eclipse.platform.debug,StackFrameMementoProvider,Memento
eclipse.platform.ui,ConfigurationElementMemento,Memento
eclipse.platform.ui,IMemento,Memento
eclipse.platform.ui,IMementoAware,Memento
emergency-service-drools-app,MessageServerSingleton,Singleton
emergency-service-drools-app,ProcedureServiceFactory,FactoryMethod
Emma,AbstractClassDefVisitor,Visitor
Emma,AbstractItemVisitor,Visitor
Emma,IAttributeVisitor,Visitor
Emma,IClassDefVisitor,Visitor
Emma,ICONSTANTVisitor,Visitor
Emma,IItemVisitor,Visitor
Emma,IOpcodeVisitor,Visitor
example,AccessControl,Prototype
example,AccessControlProvider,Prototype
example,ImmutableExample,Prototype
example,IntelligentStudent,Prototype
example,Main,Prototype
example,Prototype,Prototype
example,Student,Prototype
example,StudentRegistry,Prototype
example,TestPrototypePattern,Prototype
example,User,Prototype
example,Vehicle,Prototype
faban,AboveTimedSSLSocketFactory,FactoryMethod
faban,RunFacade,Facade
faban,SocketFactory,FactoryMethod
FactoryMethod,coffe,FactoryMethod
FactoryMethod,Database,FactoryMethod
FactoryMethod,DatabaseC,FactoryMethod
FactoryMethod,DocExport,FactoryMethod
FactoryMethod,Document,FactoryMethod
FactoryMethod,Ecommerce,FactoryMethod
FactoryMethod,food,FactoryMethod
FactoryMethod,Game,FactoryMethod
FactoryMethod,GUI,FactoryMethod
FactoryMethod,Logger,FactoryMethod
FactoryMethod,Logging,FactoryMethod
FactoryMethod,Music,FactoryMethod
FactoryMethod,Next,FactoryMethod
FactoryMethod,Noitf,Unknown
FactoryMethod,Notif,FactoryMethod
FactoryMethod,Payment,FactoryMethod
FactoryMethod,Report,FactoryMethod
FactoryMethod,Shape,FactoryMethod
FactoryMethod,Shipping,FactoryMethod
FactoryMethod,Vehicle,FactoryMethod
FactoryMethod,Video,FactoryMethod
FactoryMethod,Voiture,FactoryMethod
FactoryMethod,wiki2,FactoryMethod
fafdtibb,FastNodeBuilderFactory,Builder
fafdtibb,FatNodeBuilderFactory,Builder
fafdtibb,FuriousNodeBuilderFactory,Builder
fafdtibb,LimitModeTreeBuilderFactory,Builder
fafdtibb,MapperTreeBuilder,Builder
fest,AA,Facade
fest,BB,Facade
fest,CC,Facade
fest,Complier,Facade
fest,EclipseFacade,Facade
fest,Home,Facade
fest,Main,Facade
fest,Online,Facade
fest,ProjectFacade,Facade
fest,Room,Facade
fest,Test,Facade
fest,Travel,Facade
fest,WorkspaceFacade,Facade
fop,ElementListObserver,Observer
fop,LoggingElementListObserver,Observer
freemind,ConditionNotSatisfiedDecorator,Decorator
freemind,ExtendedAttributeTableModelDecorator,Decorator
freemind,ReducedAttributeTableModelDecorator,Decorator
frostwire-desktop,HeaderMouseObserver,Observer
frostwire-desktop,MouseObserver,Observer
frostwire-desktop,TreeMouseObserver,Observer
fuzzydb,AgeDecorator,Decorator
fuzzydb,BooleanDecorator,Decorator
fuzzydb,DateDecorator,Decorator
fuzzydb,Decorator,Decorator
fuzzydb,IDecorator,Decorator
gansenbang,PrototypeWrapper,Prototype
Generic-Graph-View,ColorMemento,Memento
Generic-Graph-View,GraphViewMappingFactory,AbstractFactory
Generic-Graph-View,GraphViewMappingFactoryImpl,AbstractFactory
Generic-Graph-View,GraphViewStyleFactory,AbstractFactory
Generic-Graph-View,GraphViewStyleFactoryImpl,AbstractFactory
Generic-Graph-View,InstancemodelFactory,AbstractFactory
Generic-Graph-View,InstancemodelFactoryImpl,AbstractFactory
geotoolkit-pending,GeometryProxy,Proxy
geotoolkit-pending,RandomStyleBuilder,Builder
geotoolkit-pending,SingletonIterator,Singleton
geronimo,CORBAEJBMemento,Memento
Get-Another-Label,DatumDecorator,Decorator
Get-Another-Label,DawidSkeneDecorator,Decorator
Get-Another-Label,Decorator,Decorator
Get-Another-Label,WorkerDecorator,Decorator
GPT-observer,CarroPrototipo,Prototype
GPT-observer,Chat,Observer
GPT-observer,GUI,Observer
GPT-observer,Market,Observer
GPT-observer,Porsche911,Unknown
GPT-observer,Principal,Prototype
GPT-observer,Proto,Prototype
GPT-observer,Stock,Observer
GPT-observer,Thread,Observer
GPT-observer,Weather,Observer
graph-collections,SpatialIndexVisitor,Visitor
harmony-classlib,ActionProxy,Proxy
harmony-classlib,AWTEventListenerProxy,Proxy
harmony-classlib,BeanContextChildComponentProxy,Proxy
harmony-classlib,BeanContextContainerProxy,Proxy
harmony-classlib,BeanContextProxy,Proxy
harmony-classlib,EventListenerProxy,Proxy
harmony-classlib,MockBeanContextProxy,Proxy
harmony-classlib,MockBeanContextProxyS,Proxy
harmony-classlib,Observable,Observer
harmony-classlib,PropertyChangeListenerProxy,Proxy
harmony-classlib,Proxy,Proxy
harmony-classlib,ProxySelector,Proxy
harmony-classlib,ProxySelectorImpl,Proxy
harmony-classlib,VetoableChangeListenerProxy,Proxy
hazelcast-cluster-monitor,MapPageBuilder,Builder
hazelcast-cluster-monitor,QueuePageBuilder,Builder
hivedb,DirectoryFacade,Facade
hivedb,DirectoryFacadeProvider,Facade
hivedb,SingletonHiveSessionFactoryBuilder,Singleton
HunApkNotifier,HunApkListAdapter,Adapter
hypergraphdb,CacheActionQueueSingleton,Singleton
iBatisWorkShop,NoXmlSingletonConnectionManager,Singleton
iBatisWorkShop,SingletonConnectionManager,Singleton
IDV,PrototypeManager,Prototype
ImplementGithub,AbstractStrategy,Strategy
ImplementGithub,Application,Strategy
ImplementGithub,AreaCalculator,Strategy
ImplementGithub,BeginClass,Strategy
ImplementGithub,BFSStrategy,Strategy
ImplementGithub,Context,Strategy
ImplementGithub,ControlePeloMeio,Strategy
ImplementGithub,Course,Strategy
ImplementGithub,DeserStrategy,Strategy
ImplementGithub,DFSStrategy,Unknown
ImplementGithub,Fernandao,Strategy
ImplementGithub,Graph,Strategy
ImplementGithub,HawaiianFlavor,Strategy
ImplementGithub,Luxemburgo,Strategy
ImplementGithub,Main,Strategy
ImplementGithub,Maina,Strategy
ImplementGithub,Mainn,Strategy
ImplementGithub,PepperoniFlavor,Strategy
ImplementGithub,Pizza,Strategy
ImplementGithub,Polygon,Strategy
ImplementGithub,Pricing,Strategy
ImplementGithub,RectangleAreaCalc,Unknown
ImplementGithub,Retranca,Strategy
ImplementGithub,Strategy,Strategy
ImplementGithub,StrategyPatternServiceApplication,Strategy
ImplementGithub,StudentRecord,Strategy
ImplementGithub,Time,Strategy
ImplementGithub,Vertex,Strategy
ImplementGithub,XMLDeserialization,Strategy
ImplementGithub,XMLSerialization,Strategy
infinitest,EclipseFacade,Facade
infinitest,ProjectFacade,Facade
infinitest,WorkspaceFacade,Facade
intellij-community,CachedSingletonsRegistry,Singleton
intellij-community,CodeStyleFacade,Facade
intellij-community,FacetEditorFacade,Facade
intellij-community,FileIndexFacade,Facade
intellij-community,JavaCodeStyleSettingsFacade,Facade
intellij-community,JavaPsiFacade,Facade
intellij-community,MockFileIndexFacade,Facade
intellij-community,NewInstanceOfSingletonInspection,Singleton
intellij-community,Singleton,Singleton
intellij-community,SingletonInspectionTest,Unknown
intellij-community,SingletonMap,Singleton
iPage,AlbumBuilder,Builder
iPage,AlbumDatabaseBuilder,Builder
iPage,ArtistBuilder,Builder
iPage,DownloadJobBuilder,Builder
iPage,IndexFactory,FactoryMethod
iPage,LicenseBuilder,Builder
iPage,PlaylistBuilder,Builder
iPage,RadioBuilder,Builder
iPage,RadioDatabaseBuilder,Builder
iPage,ReviewBuilder,Builder
iPage,TrackBuilder,Builder
iPage,TrackDatabaseBuilder,Builder
jabylon,UsersFactory,AbstractFactory
jabylon,UsersFactoryImpl,AbstractFactory
jackrabbit,AccessControlObserver,Observer
jackrabbit,SingletonRepositoryFactory,Singleton
jamendo-android,AlbumBuilder,Builder
jamendo-android,AlbumDatabaseBuilder,Builder
jamendo-android,ArtistBuilder,Builder
jamendo-android,DownloadJobBuilder,Builder
jamendo-android,LicenseBuilder,Builder
jamendo-android,PlaylistBuilder,Builder
jamendo-android,RadioBuilder,Builder
jamendo-android,RadioDatabaseBuilder,Builder
jamendo-android,ReviewBuilder,Builder
jamendo-android,TrackBuilder,Builder
jamendo-android,TrackDatabaseBuilder,Builder
java-game-server,ExecutionHandlerSingleton,Singleton
java-game-server,TCPPipelineFactory,FactoryMethod
java-game-server,UDPChannelPipelineFactory,AbstractFactory
java-game-server,UDPPipelineFactory,FactoryMethod
JavaDesignPatternExercises,IMemento,Memento
JavaDesignPatternExercises,IObserver,Observer
JavaDesignPatternExercises,ISubject,Observer
javassist,Proxy,Proxy
javassist,ProxyObject,Proxy
javassist,ScopedClassPoolFactory,FactoryMethod
javassist,ScopedClassPoolFactoryImpl,FactoryMethod
java_patterns,MySQLRegistrationDAOFactory,Unknown
java_patterns,OracleRegistrationDAOFactory,Unknown
java_patterns,RegistrationDAOAbstractFactory,Unknown
java_patterns,RegistrationDAOFactory,Unknown
jbehave-core,AbstractSteps,
jbehave-core,AbstractStepsFactory,AbstractFactory
jbehave-core,AnnotatedEmbedderUsingGuice,
jbehave-core,AnnotatedEmbedderUsingGuiceAndSteps,
jbehave-core,AnnotatedEmbedderUsingPico,
jbehave-core,AnnotatedEmbedderUsingPicoAndSteps,
jbehave-core,AnnotatedEmbedderUsingSpring,
jbehave-core,AnnotatedEmbedderUsingSpringAndSteps,
jbehave-core,AnnotatedEmbedderUsingSpringNamespace,
jbehave-core,AuthenticationPolicyBuilder,Builder
jbehave-core,AuthenticationSteps,
jbehave-core,BeforeAfterSteps,
jbehave-core,CalendarConverter,
jbehave-core,CalendarSteps,
jbehave-core,CompositeNestedSteps,
jbehave-core,CompositeSteps,
jbehave-core,CompositeStepsFactory,AbstractFactory
jbehave-core,DbUnitSteps,
jbehave-core,EmbedderMonitorDecorator,Decorator
jbehave-core,ExecutorServiceFactory,FactoryMethod
jbehave-core,FailingAfterStories,
jbehave-core,FailingBeforeAfterSteps,
jbehave-core,FailingBeforeStories,
jbehave-core,FilePrintStreamFactory,FactoryMethod
jbehave-core,FixedThreadExecutors,FactoryMethod
jbehave-core,GroovyAnnotationBuilder,Builder
jbehave-core,GroovyAnnotationBuilderBehaviour,Builder
jbehave-core,GroovyStepsFactory,AbstractFactory
jbehave-core,GuiceAnnotationBuilder,Builder
jbehave-core,GuiceStepsFactory,AbstractFactory
jbehave-core,InheritingAnnotatedEmbedderUsingSteps,
jbehave-core,InjectableStepsFactory,AbstractFactory
jbehave-core,InstanceStepsFactory,AbstractFactory
jbehave-core,MetaParametrisationSteps,
jbehave-core,NamedParametersSteps,
jbehave-core,OrganizationSteps,
jbehave-core,ParameterDelimiters,
jbehave-core,ParameterDelimitersSteps,
jbehave-core,ParametrisationByDelimitedName,
jbehave-core,ParametrisationByDelimitedNameSteps,
jbehave-core,ParametrisedSteps,
jbehave-core,ParentAnnotatedEmbedderUsingPico,
jbehave-core,PatternVariantBuilder,Builder
jbehave-core,PendingSteps,
jbehave-core,PicoAnnotationBuilder,Builder
jbehave-core,PicoStepsFactory,AbstractFactory
jbehave-core,PrintStreamFactory,FactoryMethod
jbehave-core,PriorityMatchingSteps,
jbehave-core,ProvidedStepsFactory,AbstractFactory
jbehave-core,SandpitSteps,
jbehave-core,ScalaStepsFactory,AbstractFactory
jbehave-core,SearchSteps,
jbehave-core,SilentSuccessFilter,
jbehave-core,SkipBeforeAndAfterScenarioStepsIfGivenStory,
jbehave-core,SkipScenariosAfterFailure,
jbehave-core,SpringAnnotationBuilder,Builder
jbehave-core,SpringApplicationContextFactory,FactoryMethod
jbehave-core,SpringStepsFactory,AbstractFactory
jbehave-core,SpringStoryReporterBuilder,Builder
jbehave-core,SpringStoryReporterBuilderBehaviour,Builder
jbehave-core,StackTraceFormatter,
jbehave-core,StepdocReporter,
jbehave-core,StepFailureDecoratorBehaviour,Decorator
jbehave-core,Stock,
jbehave-core,StoryReporterBuilder,Builder
jbehave-core,ThreadsSteps,
jbehave-core,ThreadsStories,
jbehave-core,Trader,
jbehave-core,TraderConverter,
jbehave-core,TraderPersister,
jbehave-core,TraderSteps,
jbehave-core,TradingService,
jbehave-core,User,Facade
jbehave-core,UserBuilder,Builder
jbehave-core,WeldAnnotationBuilder,Builder
jbehave-core,WeldAnnotationBuilderBehaviour,Unknown
jbehave-core,WeldStepsFactory,AbstractFactory
jboss-aejb,SingletonAEjbHandler,Singleton
jge3d,Observer,Observer
jpatterns,AbstractFactoryPattern,AbstractFactory
jpatterns,FactoryMethodPattern,FactoryMethod
ju4pa,ConcurrentModificationObserver,Observer
kodejava,Singleton,Singleton
kodejava,SingletonDemo,Singleton
liferay-portal,LayoutPrototype,Prototype
liferay-portal,LayoutPrototypeBaseImpl,Prototype
liferay-portal,LayoutPrototypeImpl,Prototype
liferay-portal,LayoutPrototypeLocalService,Prototype
liferay-portal,LayoutPrototypePermissionImpl,Unknown
liferay-portal,LayoutSetPrototypePermission,Unknown
LimeWire-Pirate-Edition,BTDiskManagerMementoImpl,Memento
LimeWire-Pirate-Edition,BTDownloadMementoImpl,Memento
LimeWire-Pirate-Edition,BTMetaInfoMementoImpl,Memento
LimeWire-Pirate-Edition,ColorMemento,Unknown
LimeWire-Pirate-Edition,DownloadMemento,Memento
LimeWire-Pirate-Edition,GnutellaDownloadMemento,Memento
LimeWire-Pirate-Edition,GnutellaDownloadMementoImpl,Memento
LimeWire-Pirate-Edition,InNetworkDownloadMemento,Memento
LimeWire-Pirate-Edition,InNetworkDownloadMementoImpl,Memento
LimeWire-Pirate-Edition,LibTorrentBTDownloadMementoImpl,Memento
LimeWire-Pirate-Edition,MagnetDownloadMementoImpl,Memento
LimeWire-Pirate-Edition,TorrentFileSystemMementoImpl,Memento
LimeWire-Pirate-Edition,VirusDefinitionDownloadMemento,Memento
lyo.rio,CarManualBuilder,Builder
lyo.rio,Computer,Builder
lyo.rio,Dialog,Builder
lyo.rio,House,Builder
lyo.rio,Meal,Builder
lyo.rio,Person,Builder
lyo.rio,ServiceProviderSingleton,Singleton
lyo.rio,String,Builder
lyo.rio,TaskBuilder,Builder
m2eclipse-extras,P2Facade,Facade
m2eclipse-extras,P2FacadeImpl,Facade
magic-config,DecoratorFactory,FactoryMethod
magic-config,DecoratorFactoryImpl,Decorator
magic-config,DoubleTagDecorator,Decorator
magic-config,SingleTagDecorator,Decorator
magic-config,TagDecorator,Decorator
magic-config,TripleTagDecorator,Decorator
maven-3,ArtifactFactory,FactoryMethod
maven-3,ArtifactRepositoryFactory,FactoryMethod
maven-3,DefaultArtifactFactory,FactoryMethod
maven-3,DefaultSettingsBuilder,Builder
maven-3,DefaultToolchainsBuilder,Builder
maven-3,MavenSettingsBuilder,Builder
maven-3,ToolchainFactory,FactoryMethod
maven-cuke4duke-jump-start,WebDriverFacade,Facade
Mavenized-Wave-In-A-Box,ViewFactory,AbstractFactory
Meme,AA,Memento
Meme,Aluno,Memento
Meme,AlunoEstado,Memento
Meme,AlunoEstadoAtivo,Memento
Meme,AlunoEstadoFormado,Memento
Meme,AlunoEstadoTrancado,Unknown
Meme,AlunoMemento,Memento
Meme,Bash,Memento
Meme,bs,Memento
Meme,CareTaker,Memento
Meme,CommandCenter,Memento
Meme,DiaryWriter,Memento
Meme,Editor,Memento
Meme,EditorState,Memento
Meme,F,Memento
Meme,History,Memento
Meme,K,Memento
Meme,Launcher,Memento
Meme,Main,Memento
Meme,Memento,Memento
Meme,MementoManagerCommand,Memento
Meme,Mementoo,Memento
Meme,MementoTransaction,Memento
Meme,MSEditor,Memento
Meme,Originator,Memento
Meme,PadraoMemento,Memento
Meme,State,Memento
Meme,Terminal,Memento
Meme,Test,Memento
Meme,User,Memento
Meme,Z,Memento
Memento,Wiki,Memento
methods,coffe,FactoryMethod
methods,Database,FactoryMethod
methods,DatabaseC,FactoryMethod
methods,DocExport,FactoryMethod
methods,Document,FactoryMethod
methods,Ecommerce,FactoryMethod
methods,food,FactoryMethod
methods,Game,FactoryMethod
methods,GUI,FactoryMethod
methods,Logger,FactoryMethod
methods,Logging,FactoryMethod
methods,Music,FactoryMethod
methods,Next,FactoryMethod
methods,Noitf,Unknown
methods,Notif,FactoryMethod
methods,Payment,FactoryMethod
methods,Report,FactoryMethod
methods,SecurityTokenFactory,FactoryMethod
methods,Shape,FactoryMethod
methods,Shipping,FactoryMethod
methods,SignatureAlgorithmFactory,FactoryMethod
methods,Vehicle,FactoryMethod
methods,Video,FactoryMethod
methods,Voiture,FactoryMethod
methods,wiki2,FactoryMethod
milton,ImageTableObserver,Observer
milton,ResourceFactory,FactoryMethod
milton,SpringResourceFactoryFactory,AbstractFactory
modapi,Prototype,Prototype
molgenis,AuthorizableDecorator,Decorator
molgenis,BiobankDecorator,Decorator
molgenis,DataDecorator,Decorator
molgenis,DBIndexUpdateDecorator,Decorator
molgenis,FlowcellDecorator,Decorator
molgenis,IdentifiableDecorator,Decorator
molgenis,LibraryLaneDecorator,Decorator
molgenis,MeasurementDecorator,Decorator
molgenis,MolgenisFileDecorator,Decorator
molgenis,MolgenisUserDecorator,Decorator
molgenis,NameableDecorator,Decorator
molgenis,TaskDecorator,Decorator
molgenis_apps,AuthorizableDecorator,Decorator
molgenis_apps,BiobankDecorator,Decorator
molgenis_apps,DataDecorator,Decorator
molgenis_apps,DBIndexUpdateDecorator,Decorator
molgenis_apps,FlowcellDecorator,Decorator
molgenis_apps,IdentifiableDecorator,Decorator
molgenis_apps,LibraryLaneDecorator,Decorator
molgenis_apps,MeasurementDecorator,Decorator
molgenis_apps,MolgenisFileDecorator,Decorator
molgenis_apps,MolgenisUserDecorator,Decorator
molgenis_apps,NameableDecorator,Decorator
molgenis_apps,TaskDecorator,Decorator
mongkie,DecoratorItem,Decorator
mongkie,DecoratorLabelRenderer,Decorator
mongkie,DecoratorLayout,Decorator
mongkie,EnrichmentBuilder,Builder
mongkie,TableDecoratorItem,Decorator
movsim,VehiclePrototype,Prototype
MPS,MappingsMemento,Memento
MPS,MementoPersistence,Memento
myface,Action,Facade
myface,Converter,Facade
myface,Element1,Facade
myface,Element2,Facade
myface,Facade,Facade
myface,FileManager,Facade
myface,HardwarePlayer,Facade
myface,Main,Facade
myface,MediaPlayer,Facade
myface,SongBytes,Facade
myface,SongFile,Facade
myface,State,Facade
myface,Utils,Unknown
myface,VolFacadeREST,Facade
Myproject,ImmutableExample,Prototype
Myproject,Main,Prototype
Myproject,Vehicle,Prototype
Mystr,Asion,Strategy
Mystr,Authentification,Strategy
Mystr,BMWSound,Strategy
Mystr,Booking,Strategy
Mystr,BowAndArrow,Strategy
Mystr,Car,Strategy
Mystr,Cars,Strategy
Mystr,CiscoImpl,Strategy
Mystr,CiscoWeatherInfo,Strategy
Mystr,Compress,Unknown
Mystr,Computers,Strategy
Mystr,CreditCard,Strategy
Mystr,Databaseselect,Strategy
Mystr,Disc,Strategy
Mystr,Discount,Strategy
Mystr,DlinkImpl,Strategy
Mystr,DlinkWeatherFinder,Strategy
Mystr,DrawsStrategy,Strategy
Mystr,Duck,Strategy
Mystr,DynamicPricing,Strategy
Mystr,EditingFiles,Strategy
Mystr,ExecuteStrategy,Strategy
Mystr,Export,Strategy
Mystr,Filter,Unknown
Mystr,FindPath,Unknown
Mystr,Game,Strategy
Mystr,GetWeatherServlet,Strategy
Mystr,ISound,Unknown
Mystr,java,Unknown
Mystr,Logging,Unknown
Mystr,MainApp,Unknown
Mystr,MediaPlayer,Unknown
Mystr,MyActions,Strategy
Mystr,Myclass,Unknown
Mystr,NotifyMe,Unknown
Mystr,OCompiler,Unknown
Mystr,Pay,Strategy
Mystr,PaymentByCreditCard,Unknown
Mystr,PaymentByPayPal,Unknown
Mystr,PaymentService,Strategy
Mystr,PaymentStrategy,Strategy
Mystr,Robot,Strategy
Mystr,Serialization,Strategy
Mystr,Server,Strategy
Mystr,Sort,Strategy
Mystr,Storage,Strategy
Mystr,Strategy,Strategy
Mystr,Strategy1,Strategy
Mystr,StrategyA,Strategy
Mystr,StrategyB,Strategy
Mystr,Sword,Unknown
Mystr,TestCar,Strategy
Mystr,Text,Strategy
Mystr,threads,Strategy
Mystr,Unique,Strategy
Mystr,Weapon,Unknown
Mystr,WeatherInfo,Strategy
new,1,AbstractFactory
new,2,AbstractFactory
new,3,AbstractFactory
new,A,Visitor
new,AA,Memento
new,AB,Memento
new,abstrcatf,AbstractFactory
new,Auth,Adapter
new,AZE,Memento
new,B,Visitor
new,bs,Memento
new,Builderimports,Builder
new,C,Visitor
new,CarManualBuilder,Builder
new,Computer,Builder
new,Curr,Adapter
new,D,Visitor
new,Dialog,Builder
new,E,Memento
new,F,Memento
new,G,Memento
new,H,Memento
new,House,Builder
new,Integration,Unknown
new,jjj,Memento
new,K,Memento
new,L,Memento
new,Legacy,Adapter
new,Logging,Adapter
new,m,Memento
new,Meal,Builder
new,Music,Adapter
new,Person,Builder
new,Pizza,Builder
new,q,AbstractFactory
new,Read,Adapter
new,Rectangle,Adapter
new,Square,Adapter
new,String,Builder
new,TaskBuilder,Builder
new,Temperature,Adapter
new,USB,Adapter
new,Visitorr,Visitor
new,W,Memento
new,WebServi,Adapter
new,X,Memento
new,Z,Memento
new,ZZ,Memento
NewAdapter,Auth,Adapter
NewAdapter,Curr,Adapter
NewAdapter,Integration,Adapter
NewAdapter,Legacy,Adapter
NewAdapter,Logging,Adapter
NewAdapter,Music,Adapter
NewAdapter,Read,Adapter
NewAdapter,Rectangle,Adapter
NewAdapter,Square,Adapter
NewAdapter,Temperature,Adapter
NewAdapter,USB,Adapter
NewAdapter,WebServi,Adapter
nuxeo-tycho-osgi,Memento,Memento
Obs,CarroPrototipo,Unknown
Obs,Chat,Observer
Obs,GUI,Observer
Obs,Market,Observer
Obs,Porsche911,Unknown
Obs,Principal,Unknown
Obs,Proto,Unknown
Obs,Stock,Observer
Obs,Thread,Observer
Obs,Weather,Observer
Observer,aa,Observer
Observer,Livre,Observer
Observer,More,Observer
Observer,Test,Observer
onebusaway-application-modules,ResourcePrototypeImpl,Prototype
OneSwarm,DHTRouterObserver,Observer
OneSwarm,ExternalTextResourcePrototype,Prototype
OneSwarm,ImageResourcePrototype,Prototype
OneSwarm,ResourcePrototype,Prototype
openejb,BasicSingletonBean,Singleton
openejb,SingletonCalculatorClient,Singleton
openejb,SingletonContainer,Singleton
openejb,SingletonContainerBuilder,Singleton
openejb,SingletonContext,Singleton
openejb,SingletonEJBHomeHandler,Unknown
openejb,SingletonEJBObjectHandler,Unknown
openejb,ThreadSingletonService,Singleton
OpenSIG,ComercialProxy,Proxy
OpenSIG,ExportacaoProxy,Proxy
OpenSIG,ImportacaoProxy,Proxy
OpenSIG,Visitor,Visitor
orion.server,GitSshSessionFactory,FactoryMethod
orion.server,OSGiConsoleFactory,FactoryMethod
orion.server,ResourceShapeFactory,FactoryMethod
osate2-core,AbstractPrototypeImpl,Prototype
osate2-core,BusPrototypeImpl,Prototype
osate2-core,ComponentPrototype,Prototype
osate2-core,ComponentPrototypeActual,Prototype
osate2-core,ComponentPrototypeActualImpl,Prototype
osate2-core,ComponentPrototypeBinding,Prototype
osate2-core,ComponentPrototypeImpl,Prototype
osate2-core,DataPrototypeImpl,Prototype
osate2-core,DevicePrototypeImpl,Prototype
osate2-core,FeatureGroupPrototype,Prototype
osate2-core,FeatureGroupPrototypeActual,Unknown
osate2-core,FeatureGroupPrototypeActualImpl,Prototype
osate2-core,FeatureGroupPrototypeBindingImpl,Prototype
osate2-core,FeatureGroupPrototypeImpl,Prototype
osate2-core,FeaturePrototype,Prototype
osate2-core,FeaturePrototypeActual,Unknown
osate2-core,FeaturePrototypeActualImpl,Prototype
osate2-core,FeaturePrototypeBinding,Unknown
osate2-core,FeaturePrototypeImpl,Prototype
osate2-core,FeaturePrototypeReferenceImpl,Prototype
osate2-core,MemoryPrototypeImpl,Prototype
osate2-core,ProcessorPrototypeImpl,Prototype
osate2-core,ProcessPrototypeImpl,Prototype
osate2-core,Prototype,Prototype
osate2-core,PrototypeBinding,Prototype
osate2-core,PrototypeBindingImpl,Prototype
osate2-core,PrototypeImpl,Prototype
osate2-core,SubprogramGroupPrototypeImpl,Prototype
osate2-core,SubprogramPrototypeImpl,Prototype
osate2-core,SystemPrototypeImpl,Prototype
osate2-core,ThreadGroupPrototypeImpl,Prototype
osate2-core,ThreadPrototypeImpl,Prototype
osate2-core,VirtualBusPrototypeImpl,Prototype
osate2-core,VirtualProcessorPrototypeImpl,Prototype
pcgen-svn,AbstractListFacade,Facade
pcgen-svn,CampaignInfoFactory,FactoryMethod
pcgen-svn,CDOMFactory,FactoryMethod
pcgen-svn,CharacterLevelFacadeImpl,Facade
pcgen-svn,DefaultListFacade,Facade
pcgen-svn,DelegatingListFacade,Facade
pcgen-svn,DomainFacadeImpl,Facade
pcgen-svn,EquipmentListFacadeImpl,Facade
pcgen-svn,GeneralChooserFacadeBase,Facade
pcgen-svn,InfoFactory,Facade
pcgen-svn,KitFacade,Facade
pcgen-svn,LanguageChooserFacade,Facade
pcgen-svn,LanguageChooserFacadeImpl,Facade
pcgen-svn,LanguageFacade,Facade
pcgen-svn,LevelCommandFactory,FactoryMethod
pcgen-svn,ListDataAdapter,Adapter
pcgen-svn,ListFacade,Facade
pcgen-svn,ListFacades,Facade
pcgen-svn,LoadableFacade,Facade
pcgen-svn,ManufacturableFactory,FactoryMethod
pcgen-svn,ModifyChoiceDecorator,Decorator
pcgen-svn,PartyFacade,Facade
pcgen-svn,PartyFacadeImpl,Facade
pcgen-svn,PersistenceObserver,Observer
pcgen-svn,PopupMouseAdapter,Adapter
pcgen-svn,QualifiedDecorator,Decorator
pcgen-svn,RaceFacade,Facade
pcgen-svn,ReferenceFacade,Facade
pcgen-svn,ShowMessageConsoleObserver,Observer
pcgen-svn,ShowMessageGuiObserver,Observer
pcgen-svn,SimpleFacadeImpl,Facade
pcgen-svn,SizeFacade,Facade
pcgen-svn,SkillFacade,Facade
pcgen-svn,SortedListFacade,Facade
pcgen-svn,SourceSelectionFacade,Facade
pcgen-svn,SpellFacade,Facade
pcgen-svn,SpellFacadeImplem,Facade
pcgen-svn,SpellSupportFacade,Facade
pcgen-svn,StatFacade,Facade
pcgen-svn,TempBonusFacade,Facade
pcgen-svn,TemplateFacade,Facade
pcgen-svn,TermEvaluatorBuilder,Builder
pcgen-svn,TermEvaluatorBuilderEQVar,Builder
pcgen-svn,TermEvaluatorBuilderPCStat,Builder
pcgen-svn,TodoFacade,Facade
pcgen-svn,TodoFacadeImpl,Facade
pcgen-svn,TreeTableModelAdapter,Adapter
pcgen-svn,UIDelegate,Facade
pcgen-svn,XPTableFacade,Facade
pellet,ATermBaseVisitor,Visitor
pellet,ATermVisitor,Visitor
pellet,AtomObjectVisitor,Visitor
pellet,DefaultAtomObjectVisitor,Visitor
pellet,DefaultRuleAtomVisitor,Visitor
pellet,ELTaxonomyBuilder,Builder
pellet,EntailmentQueryVisitor,Visitor
pellet,FSMBuilder,Builder
pellet,FunctionApplicationVisitor,Visitor
pellet,GenericTaxonomyBuilder,Builder
pellet,NumberToLiteralVisitor,Visitor
pellet,NumericComparisonVisitor,Visitor
pellet,NumericVisitor,Visitor
pellet,RuleAtomVisitor,Visitor
petal,Cdk5Factory,AbstractFactory
petal,Cdk5FactoryImpl,AbstractFactory
petal,Filetransfer2xFactory,AbstractFactory
petal,Filetransfer2xFactoryImpl,AbstractFactory
petal,Filetransfer3Factory,AbstractFactory
petal,Filetransfer3FactoryImpl,AbstractFactory
petal,JbiFactory,AbstractFactory
petal,JbiFactoryImpl,AbstractFactory
petal,JmsFactory,AbstractFactory
petal,JmsFactoryImpl,AbstractFactory
petal,MailFactory,AbstractFactory
petal,MailFactoryImpl,AbstractFactory
petals-studio,Cdk5Factory,AbstractFactory
petals-studio,Cdk5FactoryImpl,AbstractFactory
petals-studio,Filetransfer2xFactory,AbstractFactory
petals-studio,Filetransfer2xFactoryImpl,AbstractFactory
petals-studio,Filetransfer3Factory,AbstractFactory
petals-studio,Filetransfer3FactoryImpl,AbstractFactory
petals-studio,JbiFactory,AbstractFactory
petals-studio,JbiFactoryImpl,AbstractFactory
petals-studio,JmsFactory,AbstractFactory
petals-studio,JmsFactoryImpl,AbstractFactory
petals-studio,MailFactory,AbstractFactory
petals-studio,MailFactoryImpl,AbstractFactory
pizzaapp,ConfigurationSingleton,Singleton
platform,AbstractPDPProxy,Proxy
platform,AbstractSynapseObserver,Observer
platform,ActivityMediationStatisticsObserver,Observer
platform,Axis2ConfigurationContextObserverImpl,Observer
platform,BAMMediationStatisticsObserver,Observer
platform,CassandraAxis2ConfigurationContextObserver,Observer
platform,ConfigurationContextObserverImpl,Observer
platform,CSGAgentObserver,Observer
platform,CSGAgentObserverImpl,Observer
platform,CSGServiceObserver,Observer
platform,DeploymentSyncAxis2ConfigurationContextObserver,Observer
platform,DiscoveryAxis2ConfigurationContextObserver,Observer
platform,DiscoveryProxyObserver,Observer
platform,DSAxis2ConfigurationContextObserver,Observer
platform,EventAxis2ConfigurationContextObserver,Observer
platform,HiveAxis2ConfigObserver,Observer
platform,JAXWSAxis2ConfigurationObserver,Observer
platform,JMXObserver,Observer
platform,MediationStatisticsObserver,Observer
platform,MediationStatsAxis2ConfigurationContextObserver,Observer
platform,MessageStoreObserver,Observer
platform,Observers,Observer
platform,PaypalNVPProxy,Proxy
platform,PaypalSOAPProxy,Proxy
platform,PersistingStatisticsObserver,Observer
platform,ProxyServiceParameterObserver,Observer
platform,RestAPIObserver,Observer
platform,RSSManagerAxis2ConfigContextObserver,Observer
platform,SalesforceProxy,Proxy
platform,SecurityAxis2ConfigurationContextObserver,Observer
platform,ServiceStatisticsAxis2ConfigurationContextObserver,Observer
platform,StatisticsAxis2ConfigurationContextObserver,Observer
platform,STSObserver,Observer
platform,SynapseObserver,Observer
platform,TargetServiceObserver,Observer
platform,TaskAxis2ConfigurationContextObserver,Observer
platform,ThrottlingAxis2ConfigurationContextObserver,Observer
platform,TransactionManagerAxis2ConfigurationContextObserver,Observer
platform_frameworks_base,AnimatorListenerAdapter,Adapter
platform_frameworks_base,Singleton,Singleton
platform_frameworks_base,SyncStatusObserver,Observer
playorm,CursorProxy,Proxy
playorm,FactorySingleton,Singleton
playorm,IterableProxy,Proxy
playorm,IterLogProxy,Proxy
playorm,IterProxy,Proxy
playorm,ListProxy,Proxy
playorm,NoSqlProxy,Proxy
playorm,NoSqlProxyImpl,Proxy
po-mindstorms,FacadeSector,Facade
prevayler,Memento,Memento
prevayler,MementoManagerCommand,Memento
prevayler,MementoTransaction,Memento
protogrid,BaseDataPrototype,Prototype
protogrid,GridPrototype,Prototype
Prototype,AccessControl,Prototype
Prototype,AccessControlProvider,Prototype
Prototype,ImmutableExample,Prototype
Prototype,IntelligentStudent,Prototype
Prototype,Main,Prototype
Prototype,Prototype,Prototype
Prototype,Student,Prototype
Prototype,StudentRegistry,Prototype
Prototype,TestPrototypePattern,Prototype
Prototype,User,Prototype
Prototype,Vehicle,Prototype
Proxy,Livre,Proxy
Proxyy,amp,Proxy
Proxyy,BuilderProxy,Proxy
Proxyy,BuilderProxyClient,Proxy
Proxyy,BuildersProxy,Proxy
Proxyy,Copie,Proxy
Proxyy,CoreP,Proxy
Proxyy,CoreProxy,Proxy
Proxyy,CoreProxyClient,Proxy
Proxyy,EnergyProxy,Proxy
Proxyy,EnergyProxyC,Proxy
Proxyy,EnergyProxyClient,Proxy
Proxyy,FactoryProxy,Proxy
Proxyy,FactoryProxyClient,Proxy
Proxyy,SiliconProxy,Proxy
Proxyy,SiliconProxyClient,Proxy
Proxyy,Transport,Proxy
Proxyy,TransportProxy,Proxy
Proxyy,TransportProxyClient,Unknown
Proxyy,xttt,Proxy
Pydev,DialogMemento,Memento
robo-remote,EmSingleton,Singleton
robo-remote,SoloSingleton,Singleton
rt.equinox.p2,Memento,Memento
s4,PrototypeRequest,Prototype
s4,PrototypeWrapper,Prototype
sablecc,MMacroCreatorPrototype,Prototype
sablecc,MParamPrototype,Prototype
sablecc,MParamRefPrototype,Prototype
SamyGo-Android-Remote,BSeriesKeyCodeSenderFactory,FactoryMethod
SamyGo-Android-Remote,CSeriesKeyCodeSenderFactory,FactoryMethod
SamyGo-Android-Remote,SenderFactory,FactoryMethod
santuario-java,SecurityTokenFactory,FactoryMethod
santuario-java,SignatureAlgorithmFactory,FactoryMethod
santuario-java,SignatureElementProxy,Proxy
sherlog,SimpleLogEventFilterMemento,Memento
singl,aab,Singleton
singl,ambs,Singleton
singl,ASingd,Singleton
singl,Azeett,Singleton
singl,Azer,Singleton
singl,CAAr,Singleton
singl,Tesising,Singleton
Singleton,a,Singleton
Singleton,b,Singleton
Singleton,c,Singleton
Singleton,d,Singleton
Singleton,e,Singleton
Singleton,f,Singleton
Singleton,livre,Singleton
Singleton,Singleton,Singleton
sitemesh2,AbstractDecoratorMapper,Decorator
small-team-km-android-client,ActivitiesStackSingleton,Singleton
small-team-km-android-client,ImageCacheSoftRefSingleton,Singleton
SmartBIPrototype,SmartBIPrototype,Prototype
smsc-server,MessageObserver,Observer
smsc-server,StatisticsObserver,Observer
soapui,aab,Singleton
soapui,ambs,Singleton
soapui,ASingd,Singleton
soapui,Azeett,Singleton
soapui,Azer,Singleton
soapui,CAAr,Singleton
soapui,EditorViewFactory,FactoryMethod
soapui,EmptyPanelBuilder,Builder
soapui,InspectorFactory,FactoryMethod
soapui,ResponseEditorViewFactory,FactoryMethod
soapui,ResponseInspectorFactory,FactoryMethod
soapui,RestMethodPanelBuilder,Builder
soapui,RestRequestPanelBuilder,Builder
soapui,RestServiceFactory,FactoryMethod
soapui,Tesising,Singleton
softwaremill-common,TransactionExceptionObserver,Observer
Spring,1,Visitor
Spring,2,Visitor
Spring,3,Visitor
Spring,4,Visitor
Spring,a,Visitor
Spring,ApiUsageDetectingAsmVisitor,Visitor
Spring,b,Visitor
Spring,c,Visitor
Spring,d,Visitor
Spring,DelegatingAnnotationVisitor,Visitor
Spring,DelegatingClassVisitor,Visitor
Spring,DelegatingFieldVisitor,Visitor
Spring,DelegatingMethodVisitor,Visitor
Spring,e,Visitor
Spring,EjbDetectingClassVisitor,Visitor
Spring,f,Visitor
Spring,g,Visitor
Spring,H,Visitor
Spring,model,Visitor
Spring,myprac,Visitor
Spring,Prac,Visitor
Spring,Pract,Visitor
Spring,Practi,Visitor
Spring,practical,Visitor
Spring,Practt,Visitor
Spring,Practtt,Visitor
Spring,ResultGatheringAnnotationVisitor,Unknown
Spring,ResultGatheringClassVisitor,Unknown
Spring,ResultGatheringClassVisitorFactory,Unknown
Spring,ResultGatheringFieldVisitor,Unknown
Spring,ResultGatheringMethodVisitor,Unknown
Spring,StubResultGatheringMethodVisitor,Visitor
Spring,Test,Visitor
spring-batch,ItemReaderAdapter,Adapter
spring-batch,ItemWriterAdapter,Adapter
spring-migration-analyzer,ApiUsageDetectingAsmVisitor,Visitor
spring-migration-analyzer,DelegatingAnnotationVisitor,Visitor
spring-migration-analyzer,DelegatingClassVisitor,Visitor
spring-migration-analyzer,DelegatingFieldVisitor,Visitor
spring-migration-analyzer,DelegatingMethodVisitor,Visitor
spring-migration-analyzer,EjbDetectingClassVisitor,Visitor
spring-migration-analyzer,ResultGatheringAnnotationVisitor,Unknown
spring-migration-analyzer,ResultGatheringClassVisitor,Unknown
spring-migration-analyzer,ResultGatheringClassVisitorFactory,Unknown
spring-migration-analyzer,ResultGatheringFieldVisitor,Unknown
spring-migration-analyzer,ResultGatheringMethodVisitor,Unknown
spring-migration-analyzer,StubResultGatheringMethodVisitor,Visitor
spring-social-twitter,PlacePrototype,Prototype
spring-stringtemplate,StringTemplateDecoratorServlet,Decorator
sshj,SingletonRandomFactory,Singleton
sslr,aab,Singleton
sslr,ambs,Singleton
sslr,ASingd,Singleton
sslr,ASingletonPar,Unknown
sslr,AstAndTokenVisitor,Visitor
sslr,Azeett,Singleton
sslr,Azer,Singleton
sslr,CAAr,Singleton
sslr,Tesising,Singleton
Strategy,aaaa,Strategy
Strategy,abc,Strategy
Strategy,Actions,Strategy
Strategy,Authentification,Strategy
Strategy,BMWSound,Strategy
Strategy,Booking,Strategy
Strategy,BowAndArrow,Strategy
Strategy,Car,Strategy
Strategy,Cars,Strategy
Strategy,CiscoImpl,Strategy
Strategy,CiscoWeatherInfo,Strategy
Strategy,Compress,Strategy
Strategy,Compression,Strategy
Strategy,Computer,Strategy
Strategy,CreditCard,Strategy
Strategy,Databaseselect,Strategy
Strategy,Disc,Strategy
Strategy,Discount,Strategy
Strategy,DlinkImpl,Strategy
Strategy,DlinkWeatherFinder,Strategy
Strategy,DrawsStrategy,Strategy
Strategy,Duck,Strategy
Strategy,DynamicPricing,Strategy
Strategy,EditingFiles,Strategy
Strategy,ExecuteStrategy,Strategy
Strategy,Export,Strategy
Strategy,Filter,Strategy
Strategy,FindPath,Strategy
Strategy,Game,Strategy
Strategy,GetWeatherServlet,Strategy
Strategy,ISound,Strategy
Strategy,java,Strategy
Strategy,Logging,Strategy
Strategy,MainApp,Strategy
Strategy,MediaPlayer,Strategy
Strategy,NotifyMe,Strategy
Strategy,OCompiler,Strategy
Strategy,Pay,Strategy
Strategy,PaymentByCreditCard,Strategy
Strategy,PaymentByPayPal,Strategy
Strategy,PaymentService,Strategy
Strategy,PaymentStrategy,Strategy
Strategy,Robot,Strategy
Strategy,Serialization,Strategy
Strategy,Server,Strategy
Strategy,Sort,Strategy
Strategy,Storage,Strategy
Strategy,Strategy,Strategy
Strategy,StrategyA,Strategy
Strategy,StrategyB,Strategy
Strategy,Sword,Strategy
Strategy,TestCar,Strategy
Strategy,Text,Strategy
Strategy,threads,Strategy
Strategy,Unique,Strategy
Strategy,Weapon,Strategy
Strategy,WeatherInfo,Strategy
stratosphere,ExecutionObserver,Observer
studio2,IMemento,Memento
SWE12-Drone,PrototypeBrickAdapter,Adapter
swing-mvc-demo,GroupModelObserver,Observer
swing-mvc-demo,MainModelObserver,Observer
swing-mvc-demo,UserModelObserver,Observer
swp1-teamhub,AbstractFacade,Facade
swp1-teamhub,AufgabeFacade,Facade
swp1-teamhub,BenutzerFacade,Facade
swp1-teamhub,KommentarFacade,Facade
swp1-teamhub,ProjektFacade,Facade
swp1-teamhub,TeamleiterFacade,Facade
tapestry-bootstrap,BootStrapValidationDecorator,Decorator
tapestry-bootstrap,EnvironmentBindingFactory,FactoryMethod
tapestry-bootstrap,SessionBindingFactory,FactoryMethod
teiid-designer,CoreMatcherFactory,FactoryMethod
teiid-designer,MappingLabelDecorator,Decorator
test,Abs1,AbstractFactory
test,Abs10,AbstractFactory
test,Abs11,AbstractFactory
test,Abs12,AbstractFactory
test,Abs13,AbstractFactory
test,Abs2,AbstractFactory
test,Abs3,AbstractFactory
test,Abs4,AbstractFactory
test,Abs5,AbstractFactory
test,Abs6,AbstractFactory
test,Abs7,AbstractFactory
test,Abs8,AbstractFactory
test,Abs9,AbstractFactory
test,Auth,Adapter
test,Curr,Adapter
test,Integration,Adapter
test,Legacy,Adapter
test,Logging,Adapter
test,Music,Adapter
test,Read,Adapter
test,Rectangle,Adapter
test,Square,Adapter
test,Temperature,Adapter
test,USB,Adapter
test,WebServi,Adapter
tomcat70,EjbFactory,FactoryMethod
tomcat70,ResourceFactory,FactoryMethod
TurtlePlayer,FactoryPattern,FactoryMethod
TurtlePlayer,LazySingleton,Singleton
TurtlePlayer,PreferencesObserver,Observer
TwelveMonkeys,Singleton,Singleton
TwelveMonkeys,Visitor,Visitor
udig-platform,UdigMemento,Memento
UK-Ejemplos,EventObserver,Observer
UK-Ejemplos,Observer,Observer
UK-Ejemplos,ObserverBuilder,Observer
Visitor,Vis,Visitor
Visitor,Voiture,Visitor
vv,Character,Prototype
vv,Colne,Prototype
vv,Copy,Prototype
vv,doc,Prototype
vv,Document,Prototype
vv,Element,Prototype
vv,Email,Prototype
vv,Func,Prototype
vv,Prototype,Prototype
vv,SingletonSolrAware,Singleton
wayback,ArchivalUrlResultURIConverterFactory,FactoryMethod
wayback,ARCRecordingProxy,Proxy
wayback,ARCUnwrappingProxy,Proxy
wayback,MementoReplayRendererDecorator,Decorator
wayback,ParseEventDelegatorVisitor,Visitor
wayback,QueryCaptureFilterGroupFactory,FactoryMethod
wayback,ReplayParseEventDelegatorVisitor,Visitor
wayback,ReplayRendererDecorator,Decorator
wayback,ReplayRendererDecoratorFactory,FactoryMethod
WhartonEventScheduler,EventListCursorAdapter,Adapter
WhartonEventScheduler,PeopleCursorAdapter,Adapter
wolips,EOPrototypeListContentProvider,Prototype
wolips,EOPrototypeListLabelProvider,Prototype
wonder,ERPrototypes,Prototype
xdi2,a,Facade
xdi2,b,Facade
xdi2,c,Facade
xdi2,d,Facade
xdi2,e,Facade
xdi2,f,Facade
xdi2,g,Facade
xdi2,Prototype,Prototype
XobotOS,Singleton,Singleton
xobserver,AbstractPDPProxy,Unknown
xobserver,AbstractSynapseObserver,Unknown
xobserver,ActivityMediationStatisticsObserver,Observer
xobserver,Axis2ConfigurationContextObserverImpl,Observer
xobserver,BAMMediationStatisticsObserver,Observer
xobserver,CassandraAxis2ConfigurationContextObserver,Observer
xobserver,ConfigurationContextObserverImpl,Observer
xobserver,CSGAgentObserver,Unknown
xobserver,CSGAgentObserverImpl,Observer
xobserver,CSGServiceObserver,Observer
xobserver,DeploymentSyncAxis2ConfigurationContextObserver,Observer
xobserver,DiscoveryAxis2ConfigurationContextObserver,Observer
xobserver,DiscoveryProxyObserver,Observer
xobserver,DSAxis2ConfigurationContextObserver,Unknown
xobserver,EventAxis2ConfigurationContextObserver,Observer
xobserver,HiveAxis2ConfigObserver,Unknown
xobserver,JAXWSAxis2ConfigurationObserver,Observer
xobserver,JMXObserver,Observer
xobserver,MediationStatisticsObserver,Observer
xobserver,MediationStatsAxis2ConfigurationContextObserver,Observer
xobserver,MessageStoreObserver,Observer
xobserver,Observers,Observer
xobserver,PaypalNVPProxy,Unknown
xobserver,PaypalSOAPProxy,Unknown
xobserver,PersistingStatisticsObserver,Observer
xobserver,ProxyServiceParameterObserver,Observer
xobserver,RestAPIObserver,Observer
xobserver,RSSManagerAxis2ConfigContextObserver,Observer
xobserver,SalesforceProxy,Unknown
xobserver,SecurityAxis2ConfigurationContextObserver,Unknown
xobserver,ServiceStatisticsAxis2ConfigurationContextObserver,Observer
xobserver,StatisticsAxis2ConfigurationContextObserver,Observer
xobserver,STSObserver,Observer
xobserver,SynapseObserver,Observer
xobserver,TargetServiceObserver,Observer
xobserver,TaskAxis2ConfigurationContextObserver,Observer
xobserver,ThrottlingAxis2ConfigurationContextObserver,Observer
xobserver,TransactionManagerAxis2ConfigurationContextObserver,Observer
zen-project,1,Proxy
zen-project,2,Proxy
zen-project,3,Proxy
zen-project,4,Proxy
zen-project,5,Proxy
zen-project,6,Unknown
zen-project,7,Unknown
zen-project,a,AbstractFactory
zen-project,abs,AbstractFactory
zen-project,b,AbstractFactory
zen-project,c,AbstractFactory
zen-project,Character,Prototype
zen-project,Colne,Prototype
zen-project,Copy,Prototype
zen-project,doc,Prototype
zen-project,Document,Prototype
zen-project,Element,Prototype
zen-project,Email,Prototype
zen-project,Func,Prototype
zen-project,GUII,AbstractFactory
zen-project,Prototype,Prototype
zen-project,SingletonSolrAware,Singleton
zen-project,v,AbstractFactory
zen-project,w,AbstractFactory
zen-project,x,AbstractFactory
